job,target,kd_nm,log10_kd_um,affinity_pred_ft
10000623_Ab1,"Abrin toxin, Abrus precatorius (A.precatorius)",76.0,-1.1191864013671875,-1.7547529935836792
10000624_Ab2,"Abrin toxin, Abrus precatorius (A.precatorius)",89.0,-1.0506099462509155,-2.2343087196350098
10000625_Ab3,"Abrin toxin, Abrus precatorius (A.precatorius)",50.0,-1.3010300397872925,-1.700199842453003
10000626_Ab4,"Abrin toxin, Abrus precatorius (A.precatorius)",104.0,-0.9829666614532471,-1.7400379180908203
10000627_Ab5,"Abrin toxin, Abrus precatorius (A.precatorius)",81.0,-1.0915149450302124,-1.9453556537628174
10000628_Ab6,"Abrin toxin, Abrus precatorius (A.precatorius)",28.0,-1.5528419017791748,-1.7583521604537964
10000629_Ab7,"Abrin toxin, Abrus precatorius (A.precatorius)",67.0,-1.1739251613616943,-2.1821846961975098
10000630_Ab8,"Abrin toxin, Abrus precatorius (A.precatorius)",130.0,-0.886056661605835,-2.9038028717041016
10000557_not_reported,Autonomously replicating sequence‐binding factor 1 (ABF1) protein,4.7,-2.32790207862854,-1.5985764265060425
10000558_not_reported,Autonomously replicating sequence‐binding factor 1 (ABF1) protein,250.8,-0.6006724238395691,-1.5468652248382568
10000559_Apt-_83,Autonomously replicating sequence‐binding factor 1 (ABF1) protein,0.006,-5.221848964691162,-2.064988374710083
10000560_Apt-78,Autonomously replicating sequence‐binding factor 1 (ABF1) protein,0.44,-3.3565473556518555,-1.7882380485534668
10000561_Apt-77,Autonomously replicating sequence‐binding factor 1 (ABF1) protein,2.1,-2.6777806282043457,-2.2995858192443848
10000562_Apt-106,Autonomously replicating sequence‐binding factor 1 (ABF1) protein,2.4,-2.619788646697998,-2.327636480331421
10000563_Apt-74,Autonomously replicating sequence‐binding factor 1 (ABF1) protein,4.1,-2.387216091156006,-1.9776990413665771
10000564_Apt-58,Autonomously replicating sequence‐binding factor 1 (ABF1) protein,10.8,-1.9665762186050415,-2.049647331237793
10000008_5A,Basic fibroblast growth factor (bFGF),23.0,-1.6382721662521362,-1.7985501289367676
10000009_7A,Basic fibroblast growth factor (bFGF),5.0,-2.301029920578003,-1.3963606357574463
10000010_13A,Basic fibroblast growth factor (bFGF),3.2,-2.494849920272827,-1.390296220779419
10000011_14A,Basic fibroblast growth factor (bFGF),3.0,-2.522878646850586,-1.1368227005004883
10000012_21A,Basic fibroblast growth factor (bFGF),8.1,-2.091515064239502,-1.498462438583374
10000013_12A,Basic fibroblast growth factor (bFGF),0.51,-3.2924299240112305,-1.3856064081192017
10000014_26At,Basic fibroblast growth factor (bFGF),0.19,-3.7212464809417725,-1.3373322486877441
10000015_26A,Basic fibroblast growth factor (bFGF),0.19,-3.7212464809417725,-1.4605461359024048
10000016_22B,Basic fibroblast growth factor (bFGF),0.13,-3.886056661605835,-1.9761962890625
10000017_28B,Basic fibroblast growth factor (bFGF),0.32,-3.494849920272827,-1.0504497289657593
10001079_C-ap11,C-terminal region Recombinant human connective tissue growth factor (rhCTGF),7.376,-2.132179021835327,-2.2450575828552246
10001080_C-ap12,C-terminal region Recombinant human connective tissue growth factor (rhCTGF),3.893,-2.4097156524658203,-2.3141133785247803
10001081_C-ap14,C-terminal region Recombinant human connective tissue growth factor (rhCTGF),5.561,-2.2548470497131348,-2.941638469696045
10001082_C-ap15,C-terminal region Recombinant human connective tissue growth factor (rhCTGF),5.234,-2.2811663150787354,-2.8658607006073
10001083_C-ap18,C-terminal region Recombinant human connective tissue growth factor (rhCTGF),9.734,-2.0117087364196777,-3.0480031967163086
10000453_F1-1,C-terminal ribonuclease domain of colicin E3 (CRD of colicin E3),2.0,-2.698970079421997,-1.9085781574249268
10000454_F2-1,C-terminal ribonuclease domain of colicin E3 (CRD of colicin E3),14.0,-1.8538719415664673,-1.8105438947677612
10000455_F3-1,C-terminal ribonuclease domain of colicin E3 (CRD of colicin E3),4.0,-2.397939920425415,-1.5877784490585327
10000456_F4-1,C-terminal ribonuclease domain of colicin E3 (CRD of colicin E3),7.0,-2.1549019813537598,-1.8790299892425537
10000457_F4-2,C-terminal ribonuclease domain of colicin E3 (CRD of colicin E3),294.0,-0.5316526889801025,-1.8042000532150269
10000458_F5-1,C-terminal ribonuclease domain of colicin E3 (CRD of colicin E3),10.0,-2.0,-2.85428524017334
10000134_TQ30,"DNA polymerase (Taq pol), Thermus acquaticus",0.04,-4.397940158843994,-0.7752557992935181
10000170_Trnc.A-30,"DNA polymerase (Taq pol), Thermus acquaticus",0.6,-3.221848726272583,-1.4822092056274414
10000171_Trnc.2-30,"DNA polymerase (Taq pol), Thermus acquaticus",3.1,-2.508638381958008,-1.9618592262268066
10000172_Trnc-21,"DNA polymerase (Taq pol), Thermus acquaticus",0.009,-5.045757293701172,-1.3518764972686768
10000173_D.30-D.30,"DNA polymerase (Taq pol), Thermus acquaticus",0.047,-4.327902317047119,-1.9592595100402832
10000174_D.21-D.30,"DNA polymerase (Taq pol), Thermus acquaticus",0.01,-5.0,-1.844635009765625
10000981_AptER-1,Estrogen receptor alpha (ERα),16.0,-1.7958799600601196,-1.7418776750564575
10000982_AptER-2,Estrogen receptor alpha (ERα),21.0,-1.6777807474136353,-1.4324920177459717
10000983_AptER-3,Estrogen receptor alpha (ERα),30.0,-1.5228787660598755,-1.7017590999603271
10001141_ER_Apt1,Estrogen receptor alpha (ERα),11.5,-1.9393022060394287,-1.8146913051605225
10001027_PR10.1,HIV-1 aspartyl protease (PR),115.0,-0.9393021464347839,-1.0771409273147583
10001028_PR10.9,HIV-1 aspartyl protease (PR),93.0,-1.0315170288085938,-1.102978229522705
10001029_PR10.1-8E,HIV-1 aspartyl protease (PR),17.0,-1.7695510387420654,-0.8575209379196167
10001030_PR10.1-8A,HIV-1 aspartyl protease (PR),2.2,-2.6575772762298584,-0.9830675721168518
10001031_PR10.9-8N,HIV-1 aspartyl protease (PR),4.3,-2.3665316104888916,-1.2100012302398682
10000118_C18,Human immunodeficiency virus type 1 Rev (HIV-1 Rev),27.5,-1.5606672763824463,-2.3786115646362305
10000118_C8,Human immunodeficiency virus type 1 Rev (HIV-1 Rev),27.5,-1.5606672763824463,-2.3751442432403564
10000119_C17,Human immunodeficiency virus type 1 Rev (HIV-1 Rev),27.5,-1.5606672763824463,-3.314337968826294
10000120_C5,Human immunodeficiency virus type 1 Rev (HIV-1 Rev),27.5,-1.5606672763824463,-2.2874364852905273
10000121_C1,Human immunodeficiency virus type 1 Rev (HIV-1 Rev),27.5,-1.5606672763824463,-3.2124688625335693
10000122_C9,Human immunodeficiency virus type 1 Rev (HIV-1 Rev),27.5,-1.5606672763824463,-3.202862024307251
10000123_C15,Human immunodeficiency virus type 1 Rev (HIV-1 Rev),27.5,-1.5606672763824463,-3.697193145751953
10000124_C24,Human immunodeficiency virus type 1 Rev (HIV-1 Rev),27.5,-1.5606672763824463,-3.28410005569458
10000125_C33,Human immunodeficiency virus type 1 Rev (HIV-1 Rev),27.5,-1.5606672763824463,-3.288668155670166
10000126_C34,Human immunodeficiency virus type 1 Rev (HIV-1 Rev),27.5,-1.5606672763824463,-3.13746976852417
10000127_C37,Human immunodeficiency virus type 1 Rev (HIV-1 Rev),27.5,-1.5606672763824463,-3.256723642349243
10000128_C52,Human immunodeficiency virus type 1 Rev (HIV-1 Rev),27.5,-1.5606672763824463,-2.892892837524414
10000131_D17.4,"Immunoglobulin E (IgE), Human",10.0,-2.0,-2.8147335052490234
10000498_4.4.2,"Immunoglobulin E (IgE), Human",30.0,-1.5228787660598755,-2.2059171199798584
10000506_4.4.10,"Immunoglobulin E (IgE), Human",33.0,-1.4814860820770264,-1.3871276378631592
10000508_4.4.12,"Immunoglobulin E (IgE), Human",23.0,-1.6382721662521362,-1.375059723854065
10000512_4.4.16,"Immunoglobulin E (IgE), Human",39.0,-1.4089354276657104,-1.3225224018096924
10000516_4.4.20,"Immunoglobulin E (IgE), Human",25.0,-1.6020599603652954,-1.7573091983795166
10000523_4.4.27,"Immunoglobulin E (IgE), Human",23.0,-1.6382721662521362,-1.5221669673919678
10000532_Clone_2.11,"Immunoglobulin E (IgE), Human",84.0,-1.0757206678390503,-2.398238182067871
10000533_Clone_2.15,"Immunoglobulin E (IgE), Human",44.0,-1.3565473556518555,-1.7484090328216553
10000534_Clone_2.22,"Immunoglobulin E (IgE), Human",37.0,-1.4317982196807861,-1.5649693012237549
10000535_Clone_4.6,"Immunoglobulin E (IgE), Human",27.0,-1.568636178970337,-1.6017744541168213
10000536_Clone_4.10,"Immunoglobulin E (IgE), Human",73.0,-1.1366771459579468,-1.9064987897872925
10000537_Clone_4.15,"Immunoglobulin E (IgE), Human",33.0,-1.4814860820770264,-1.417309045791626
10001093_anti-KpnI_RNA_Aptamer_20,KpnI isoschizomer Acc65I,11.6,-1.9355419874191284,-2.4138941764831543
10001094_anti-KpnI_RNA_Aptamer_24,KpnI isoschizomer Acc65I,28.7,-1.5421180725097656,-2.755253791809082
10001095_anti-KpnI_RNA_Aptamer_29,KpnI isoschizomer Acc65I,419.0,-0.37778598070144653,-2.8287923336029053
10001096_anti-KpnI_RNA_Aptamer_30,KpnI isoschizomer Acc65I,18.6,-1.7304871082305908,-2.463327407836914
10001374_LDH7r-1,"Lactate dehydrogenase (LDH), Human",21.3,-1.6716203689575195,-1.9553216695785522
10001375_LDH7r-9,"Lactate dehydrogenase (LDH), Human",12.0,-1.92081880569458,-1.2274565696716309
10001376_LDH8r-2,"Lactate dehydrogenase (LDH), Human",10.2,-1.9913997650146484,-0.9189337491989136
10001377_LDH9r-1,"Lactate dehydrogenase (LDH), Human",19.3,-1.7144427299499512,-2.1722264289855957
10001298_Ylac1,Lactoferrin,2.2,-2.6575772762298584,-2.7309012413024902
10001299_Ylac4,Lactoferrin,4.0,-2.397939920425415,-2.4280807971954346
10001300_Ylac5,Lactoferrin,4.7,-2.32790207862854,-2.702709197998047
10001301_Ylac6,Lactoferrin,1.9,-2.7212464809417725,-2.744702100753784
10001302_Ylac8,Lactoferrin,1.0,-3.0,-2.4052155017852783
10001303_Ylac9,Lactoferrin,2.6,-2.585026741027832,-2.904219388961792
10000865_Lep1,"Leptin protein, Human",870.0,-0.060480743646621704,-1.157432198524475
10000866_Lep2,"Leptin protein, Human",410.0,-0.38721615076065063,-1.6254792213439941
10000867_Lep3,"Leptin protein, Human",320.0,-0.4948500394821167,-1.8752453327178955
10000868_Lep4,"Leptin protein, Human",1470.0,0.16731734573841095,-1.1888978481292725
10001212_MAMA2,Mammaglobin A (MGB1),2.0,-2.698970079421997,-1.5019937753677368
10001213_MAMA5,Mammaglobin A (MGB1),54.0,-1.267606258392334,-1.6352214813232422
10001214_MAMA6,Mammaglobin A (MGB1),49.0,-1.3098039627075195,-1.4874763488769531
10001215_MAMA12,Mammaglobin A (MGB1),8.0,-2.096909999847412,-1.6095095872879028
10001206_MAMB0,Mammaglobin B (MGB2),80.0,-1.096909999847412,-1.7868409156799316
10001207_MAMB1,Mammaglobin B (MGB2),13.0,-1.886056661605835,-1.8027127981185913
10001208_MAMB4,Mammaglobin B (MGB2),105.0,-0.978810727596283,-2.112344264984131
10001209_MAMB8,Mammaglobin B (MGB2),78.0,-1.107905387878418,-1.9444963932037354
10001210_MAMB12,Mammaglobin B (MGB2),19.0,-1.721246361732483,-1.8025703430175781
10001211_MAMB57,Mammaglobin B (MGB2),72.0,-1.142667531967163,-1.831606388092041
10000398_11,Mammalian translation initiation factor 4A (eIF4A),8000.0,0.9030900001525879,-2.2073473930358887
10000399_1,Mammalian translation initiation factor 4A (eIF4A),3000.0,0.4771212637424469,-2.4581072330474854
10000400_20,Mammalian translation initiation factor 4A (eIF4A),44.0,-1.3565473556518555,-2.0805773735046387
10000401_30,Mammalian translation initiation factor 4A (eIF4A),1000.0,0.0,-1.9622997045516968
10000402_no.21,Mammalian translation initiation factor 4A (eIF4A),27.0,-1.568636178970337,-2.2340471744537354
10000660_MUC1-5TR-1,Mucin 1 (MUC1) recombinant protein MUC1-5TR,47.3,-1.325138807296753,-0.9760392904281616
10000661_MUC1-5TR-2,Mucin 1 (MUC1) recombinant protein MUC1-5TR,85.2,-1.0695604085922241,-1.1138410568237305
10000662_MUC1-5TR-3,Mucin 1 (MUC1) recombinant protein MUC1-5TR,83.0,-1.0809218883514404,-1.2667042016983032
10000663_MUC1-5TR-4,Mucin 1 (MUC1) recombinant protein MUC1-5TR,69.0,-1.1611509323120117,-1.3574535846710205
10000353_aptamer_A.2,"Nonstructural 5B (NS5B) polymerase, hepatitis C virus (HCV) NS5BΔC55 protein",16.0,-1.7958799600601196,-1.533362627029419
10000354_aptamer_B.2,"Nonstructural 5B (NS5B) polymerase, hepatitis C virus (HCV) NS5BΔC55 protein",1.5,-2.823908805847168,-1.8635923862457275
10000355_aptamer_B.3,"Nonstructural 5B (NS5B) polymerase, hepatitis C virus (HCV) NS5BΔC55 protein",10.0,-2.0,-1.9494577646255493
10000356_aptamer_B.2_SLII,"Nonstructural 5B (NS5B) polymerase, hepatitis C virus (HCV) NS5BΔC55 protein",200.0,-0.6989700198173523,-0.2204735279083252
10000676_4C3,Proteinase K-resistant isoform (PrPSc),48.0,-1.3187587261199951,-2.617436170578003
10000677_4C5,Proteinase K-resistant isoform (PrPSc),30.0,-1.5228787660598755,-1.9746477603912354
10000678_4C6,Proteinase K-resistant isoform (PrPSc),20.0,-1.6989699602127075,-2.3738667964935303
10000679_4C8,Proteinase K-resistant isoform (PrPSc),56.0,-1.2518119812011719,-1.8173884153366089
10000680_4C10,Proteinase K-resistant isoform (PrPSc),33.0,-1.4814860820770264,-1.4615211486816406
10000681_4C17,Proteinase K-resistant isoform (PrPSc),19.0,-1.721246361732483,-1.8453541994094849
10000682_4C20,Proteinase K-resistant isoform (PrPSc),79.0,-1.1023728847503662,-2.8440260887145996
10000683_4C26,Proteinase K-resistant isoform (PrPSc),18.0,-1.7447274923324585,-1.7462921142578125
10000582_F38,RNA-dependent RNA polymerase (3Dpol),460.0,-0.33724215626716614,-1.7103029489517212
10000583_F47,RNA-dependent RNA polymerase (3Dpol),375.0,-0.425968736410141,-1.7577844858169556
10000584_F52,RNA-dependent RNA polymerase (3Dpol),625.0,-0.2041199803352356,-1.9878382682800293
10000585_F47tr,RNA-dependent RNA polymerase (3Dpol),325.0,-0.48811665177345276,-0.6821399331092834
10000861_HA68,Recombinant HA protein from swine IAV H3 cluster IV,7.1,-2.1487417221069336,-1.357469081878662
10000862_HA7,Recombinant HA protein from swine IAV H3 cluster IV,22.3,-1.6516951322555542,-1.6712708473205566
10000863_HA2a,Recombinant HA protein from swine IAV H3 cluster IV,16.0,-1.7958799600601196,-1.0492393970489502
10000864_HA2b,Recombinant HA protein from swine IAV H3 cluster IV,3.7,-2.431798219680786,-1.1652508974075317
10000087_RT1,Reverse Transcriptase of Type 1 Human Immunodeficiency Virus (HIV-1 RT),1.0,-3.0,-1.3291646242141724
10000088_RT1t49,Reverse Transcriptase of Type 1 Human Immunodeficiency Virus (HIV-1 RT),4.0,-2.397939920425415,-2.2721545696258545
10000089_RT4,Reverse Transcriptase of Type 1 Human Immunodeficiency Virus (HIV-1 RT),8.0,-2.096909999847412,-1.3849170207977295
10000090_RT6,Reverse Transcriptase of Type 1 Human Immunodeficiency Virus (HIV-1 RT),5.0,-2.301029920578003,-1.329423427581787
10000091_RT8,Reverse Transcriptase of Type 1 Human Immunodeficiency Virus (HIV-1 RT),5.0,-2.301029920578003,-1.4276951551437378
10000092_RT10,Reverse Transcriptase of Type 1 Human Immunodeficiency Virus (HIV-1 RT),11.0,-1.9586073160171509,-1.4589173793792725
10000093_RT12,Reverse Transcriptase of Type 1 Human Immunodeficiency Virus (HIV-1 RT),2.0,-2.698970079421997,-1.3190480470657349
10000094_RT26,Reverse Transcriptase of Type 1 Human Immunodeficiency Virus (HIV-1 RT),1.0,-3.0,-1.3732552528381348
10000095_RT36,Reverse Transcriptase of Type 1 Human Immunodeficiency Virus (HIV-1 RT),4.0,-2.397939920425415,-1.4910202026367188
10001339_C7,"Rituximab, anti-CD20 lgG1 antibody",8.8,-2.0555174350738525,-2.468294143676758
10001341_C4,"Rituximab, anti-CD20 lgG1 antibody",86.7,-1.061980962753296,-1.6552176475524902
10001342_C5,"Rituximab, anti-CD20 lgG1 antibody",56.5,-1.2479515075683594,-1.7823901176452637
10001343_C10,"Rituximab, anti-CD20 lgG1 antibody",17.6,-1.7544872760772705,-2.09503173828125
10001344_C57,"Rituximab, anti-CD20 lgG1 antibody",82.4,-1.0840728282928467,-1.816437005996704
10001386_C7,SARS-CoV-2 Spike glycoprotein,89.41,-1.0486139059066772,-1.744055986404419
10001387_C9,SARS-CoV-2 Spike glycoprotein,231.9,-0.6346992254257202,-2.0238265991210938
10001400_C7,SARS-CoV-2 Spike glycoprotein,89.41,-1.0486139059066772,-1.8431974649429321
10001401_C9,SARS-CoV-2 Spike glycoprotein,231.9,-0.6346992254257202,-1.3918368816375732
10001304_Tr-1,Soluble Interleukin 2 Receptor α (CD25),122.0,-0.9136401414871216,-2.510061264038086
10001305_Tr-6,Soluble Interleukin 2 Receptor α (CD25),96.9,-1.0136761665344238,-2.391310453414917
10001306_Tr-7,Soluble Interleukin 2 Receptor α (CD25),68.2,-1.1662156581878662,-2.310279130935669
10001307_Tr-8,Soluble Interleukin 2 Receptor α (CD25),35.7,-1.4473317861557007,-2.571397304534912
10001308_Tr-11,Soluble Interleukin 2 Receptor α (CD25),46.1,-1.3362990617752075,-2.5595321655273438
10000577_I-26,Streptavidin,85.2,-1.0695604085922241,-1.4277151823043823
10000578_II-31,Streptavidin,56.7,-1.2464169263839722,-1.590399980545044
10000579_III-30,Streptavidin,65.5,-1.1837587356567383,-1.3318941593170166
10000580_IV-33,Streptavidin,59.0,-1.229148030281067,-1.6124545335769653
10000768_Aptamer_32_34,Streptavidin,69.277,-1.1594109535217285,-1.480485200881958
10000769_Aptamer_29,Streptavidin,94.228,-1.025820016860962,-1.5606685876846313
10000770_Aptamer_30,Streptavidin,104.265,-0.9818614721298218,-1.3651938438415527
10000146_30-8,"Thrombin, Human",0.4,-3.397939920425415,-1.2658882141113281
10000147_30-14,"Thrombin, Human",0.96,-3.017728805541992,-2.599468231201172
10000149_30-16_29,"Thrombin, Human",30.0,-1.5228787660598755,-1.3183799982070923
10000150_30-16_27,"Thrombin, Human",126.0,-0.8996294736862183,-1.1330664157867432
10000152_30-38_29,"Thrombin, Human",0.9,-3.045757532119751,-1.5480504035949707
10000153_30-38_27,"Thrombin, Human",42.0,-1.3767507076263428,-1.8447309732437134
10000154_60-18,"Thrombin, Human",0.92,-3.036212205886841,-1.9303059577941895
10000155_60-18_38,"Thrombin, Human",0.5,-3.301029920578003,-1.4908589124679565
10000156_60-18_29,"Thrombin, Human",0.5,-3.301029920578003,-1.4031699895858765
10000157_60-18_27,"Thrombin, Human",0.7,-3.1549019813537598,-1.2539384365081787
10000254_85,"Unr (Upstream of N-Ras) protein, Human",11.0,-1.9586073160171509,-0.8947305679321289
10000255_88,"Unr (Upstream of N-Ras) protein, Human",10.0,-2.0,-0.7062686681747437
10000256_76,"Unr (Upstream of N-Ras) protein, Human",10.0,-2.0,-0.6015602350234985
10000257_98,"Unr (Upstream of N-Ras) protein, Human",21.0,-1.6777807474136353,-1.2073867321014404
10000258_58,"Unr (Upstream of N-Ras) protein, Human",13.0,-1.886056661605835,-0.6484599113464355
10000259_77,"Unr (Upstream of N-Ras) protein, Human",10.0,-2.0,-0.31571656465530396
10000260_78,"Unr (Upstream of N-Ras) protein, Human",8.0,-2.096909999847412,-0.9022209644317627
10000073_100,Vascular Endothelial Growth Factor (VEGF),0.2,-3.698970079421997,-1.3811174631118774
10000074_100t,Vascular Endothelial Growth Factor (VEGF),0.42,-3.3767507076263428,-1.6560726165771484
10000075_44t,Vascular Endothelial Growth Factor (VEGF),0.48,-3.318758726119995,-1.7275971174240112
10000076_12t,Vascular Endothelial Growth Factor (VEGF),1.1,-2.9586074352264404,-1.6018341779708862
10000077_40t,Vascular Endothelial Growth Factor (VEGF),20.0,-1.6989699602127075,-1.7740362882614136
10000078_84t,Vascular Endothelial Growth Factor (VEGF),1.8,-2.744727611541748,-1.5339322090148926
10000079_126t,Vascular Endothelial Growth Factor (VEGF),1.4,-2.853872060775757,-1.8572781085968018
10000080_44,Vascular Endothelial Growth Factor (VEGF),1.7,-2.7695510387420654,-1.2334328889846802
10000081_12,Vascular Endothelial Growth Factor (VEGF),0.48,-3.318758726119995,-1.2172927856445312
10000082_40,Vascular Endothelial Growth Factor (VEGF),0.19,-3.7212464809417725,-1.8530857563018799
10000083_84,Vascular Endothelial Growth Factor (VEGF),0.82,-3.086186170578003,-1.9254635572433472
10000084_126,Vascular Endothelial Growth Factor (VEGF),0.14,-3.853872060775757,-1.10991632938385
