rank,serial,aptamer_name,target,nucleic_type,kd_nm,affinity_pred_value,affinity_probability_binary
1,10000124,C24,Human immunodeficiency virus type 1 Rev (HIV-1 Rev),ssRNA,27.5,-1.763001561164856,0.7624796628952026
2,10000127,C37,Human immunodeficiency virus type 1 Rev (HIV-1 Rev),ssRNA,27.5,-1.6914098262786865,0.2938559353351593
3,10000013,12A,Basic fibroblast growth factor (bFGF),ssRNA,0.51,-1.5506560802459717,0.3856140971183777
4,10000011,14A,Basic fibroblast growth factor (bFGF),ssRNA,3.0,-1.5232315063476562,0.4556821584701538
5,10000123,C15,Human immunodeficiency virus type 1 Rev (HIV-1 Rev),ssRNA,27.5,-1.4218692779541016,0.7936728596687317
6,10000625,Ab3,"Abrin toxin, Abrus precatorius (A.precatorius)",ssDNA,50.0,-1.3152830600738525,0.3085475265979767
7,10000120,C5,Human immunodeficiency virus type 1 Rev (HIV-1 Rev),ssRNA,27.5,-1.3123102188110352,0.27390366792678833
8,10000118,C18,Human immunodeficiency virus type 1 Rev (HIV-1 Rev),ssRNA,27.5,-1.3029086589813232,0.2561679780483246
9,10000118,C8,Human immunodeficiency virus type 1 Rev (HIV-1 Rev),ssRNA,27.5,-1.302160382270813,0.25618597865104675
10,10000154,60-18,"Thrombin, Human",ssDNA,0.92,-1.1868401765823364,0.5404926538467407
11,10000125,C33,Human immunodeficiency virus type 1 Rev (HIV-1 Rev),ssRNA,27.5,-1.1715600490570068,0.213841512799263
12,10000016,22B,Basic fibroblast growth factor (bFGF),ssRNA,0.13,-1.156421184539795,0.1827317774295807
13,10000623,Ab1,"Abrin toxin, Abrus precatorius (A.precatorius)",ssDNA,76.0,-1.1146349906921387,0.2530081272125244
14,10000147,30-14,"Thrombin, Human",ssDNA,0.96,-1.1137030124664307,0.38269126415252686
15,10000119,C17,Human immunodeficiency virus type 1 Rev (HIV-1 Rev),ssRNA,27.5,-1.09030020236969,0.225882425904274
16,10000128,C52,Human immunodeficiency virus type 1 Rev (HIV-1 Rev),ssRNA,27.5,-1.0669537782669067,0.2518296539783478
17,10000015,26A,Basic fibroblast growth factor (bFGF),ssRNA,0.19,-1.0369232892990112,0.2530951499938965
18,10000535,Clone 4.6,"Immunoglobulin E (IgE), Human",ssDNA,27.0,-1.0278844833374023,0.33315831422805786
19,10000523,4.4.27,"Immunoglobulin E (IgE), Human",ssDNA,23.0,-1.0040861368179321,0.13500110805034637
20,10000122,C9,Human immunodeficiency virus type 1 Rev (HIV-1 Rev),ssRNA,27.5,-0.9785643815994263,0.25579532980918884
21,10000532,Clone 2.11,"Immunoglobulin E (IgE), Human",ssDNA,84.0,-0.8976836204528809,0.39059558510780334
22,10000012,21A,Basic fibroblast growth factor (bFGF),ssRNA,8.1,-0.8906664848327637,0.28349146246910095
23,10000017,28B,Basic fibroblast growth factor (bFGF),ssRNA,0.32,-0.7882364988327026,0.21883651614189148
24,10000008,5A,Basic fibroblast growth factor (bFGF),ssRNA,23.0,-0.7688720226287842,0.25989753007888794
25,10000126,C34,Human immunodeficiency virus type 1 Rev (HIV-1 Rev),ssRNA,27.5,-0.7642769813537598,0.26010504364967346
26,10000121,C1,Human immunodeficiency virus type 1 Rev (HIV-1 Rev),ssRNA,27.5,-0.7430009841918945,0.2445264607667923
27,10000630,Ab8,"Abrin toxin, Abrus precatorius (A.precatorius)",ssDNA,130.0,-0.6729133725166321,0.18652546405792236
28,10000010,13A,Basic fibroblast growth factor (bFGF),ssRNA,3.2,-0.5719159841537476,0.2502806782722473
29,10000146,30-8,"Thrombin, Human",ssDNA,0.4,-0.5635287165641785,0.34083786606788635
30,10000628,Ab6,"Abrin toxin, Abrus precatorius (A.precatorius)",ssDNA,28.0,-0.5482136607170105,0.1504204422235489
31,10000506,4.4.10,"Immunoglobulin E (IgE), Human",ssDNA,33.0,-0.4915633499622345,0.15835021436214447
32,10000627,Ab5,"Abrin toxin, Abrus precatorius (A.precatorius)",ssDNA,81.0,-0.42976003885269165,0.2114812433719635
33,10000083,84,Vascular Endothelial Growth Factor (VEGF),ssRNA,0.82,-0.4060257077217102,0.20325735211372375
34,10000080,44,Vascular Endothelial Growth Factor (VEGF),ssRNA,1.7,-0.39970725774765015,0.28793853521347046
35,10000081,12,Vascular Endothelial Growth Factor (VEGF),ssRNA,0.48,-0.36612778902053833,0.2180260419845581
36,10000626,Ab4,"Abrin toxin, Abrus precatorius (A.precatorius)",ssDNA,104.0,-0.32804086804389954,0.16685566306114197
37,10000561,Apt-77,Autonomously replicating sequence‐binding factor 1 (ABF1) protein,ssDNA,2.1,-0.32641690969467163,0.25883573293685913
38,10000559,Apt- 83,Autonomously replicating sequence‐binding factor 1 (ABF1) protein,ssDNA,0.006,-0.31527286767959595,0.3262493312358856
39,10000564,Apt-58,Autonomously replicating sequence‐binding factor 1 (ABF1) protein,ssDNA,10.8,-0.24579894542694092,0.22561773657798767
40,10000533,Clone 2.15,"Immunoglobulin E (IgE), Human",ssDNA,44.0,-0.19480293989181519,0.2837750315666199
41,10000536,Clone 4.10,"Immunoglobulin E (IgE), Human",ssDNA,73.0,-0.08358621597290039,0.3132260739803314
42,10000512,4.4.16,"Immunoglobulin E (IgE), Human",ssDNA,39.0,0.0022359490394592285,0.15921419858932495
43,10000558,not reported,Autonomously replicating sequence‐binding factor 1 (ABF1) protein,ssDNA,250.8,0.010751426219940186,0.3254982829093933
44,10000516,4.4.20,"Immunoglobulin E (IgE), Human",ssDNA,25.0,0.061615049839019775,0.26015546917915344
45,10000082,40,Vascular Endothelial Growth Factor (VEGF),ssRNA,0.19,0.09891411662101746,0.2035226821899414
46,10000508,4.4.12,"Immunoglobulin E (IgE), Human",ssDNA,23.0,0.10666853189468384,0.2339739203453064
47,10000498,4.4.2,"Immunoglobulin E (IgE), Human",ssDNA,30.0,0.12131506204605103,0.22292014956474304
48,10000563,Apt-74,Autonomously replicating sequence‐binding factor 1 (ABF1) protein,ssDNA,4.1,0.128146231174469,0.2499668449163437
49,10000629,Ab7,"Abrin toxin, Abrus precatorius (A.precatorius)",ssDNA,67.0,0.13086938858032227,0.3300727903842926
50,10000084,126,Vascular Endothelial Growth Factor (VEGF),ssRNA,0.14,0.15825176239013672,0.247044175863266
51,10000560,Apt-78,Autonomously replicating sequence‐binding factor 1 (ABF1) protein,ssDNA,0.44,0.1796189546585083,0.33847224712371826
52,10000534,Clone 2.22,"Immunoglobulin E (IgE), Human",ssDNA,37.0,0.23260784149169922,0.18389856815338135
53,10000073,100,Vascular Endothelial Growth Factor (VEGF),ssRNA,0.2,0.24031749367713928,0.26022374629974365
54,10000557,not reported,Autonomously replicating sequence‐binding factor 1 (ABF1) protein,ssDNA,4.7,0.3273124098777771,0.3273645341396332
55,10000562,Apt-106,Autonomously replicating sequence‐binding factor 1 (ABF1) protein,ssDNA,2.4,0.37718892097473145,0.2810676395893097
56,10000009,7A,Basic fibroblast growth factor (bFGF),ssRNA,5.0,0.390596866607666,0.24412314593791962
57,10000537,Clone 4.15,"Immunoglobulin E (IgE), Human",ssDNA,33.0,0.5016239881515503,0.2814348042011261
58,10000624,Ab2,"Abrin toxin, Abrus precatorius (A.precatorius)",ssDNA,89.0,0.5519819259643555,0.3011174499988556
59,10000157,60-18[27],"Thrombin, Human",ssDNA,0.7,1.0071563720703125,0.06170615926384926
60,10000152,30-38[29],"Thrombin, Human",ssDNA,0.9,1.0697916746139526,0.054801423102617264
61,10000156,60-18[29],"Thrombin, Human",ssDNA,0.5,1.1389511823654175,0.060832999646663666
62,10000150,30-16[27],"Thrombin, Human",ssDNA,126.0,1.1476408243179321,0.06256920099258423
63,10000155,60-18[38],"Thrombin, Human",ssDNA,0.5,1.3192299604415894,0.12972727417945862
64,10000131,D17.4,"Immunoglobulin E (IgE), Human",ssDNA,10.0,1.3417690992355347,0.13046105206012726
65,10000149,30-16[29],"Thrombin, Human",ssDNA,30.0,1.5296658277511597,0.06547961384057999
66,10000014,26At,Basic fibroblast growth factor (bFGF),ssRNA,0.19,1.5717312097549438,0.14809317886829376
67,10000079,126t,Vascular Endothelial Growth Factor (VEGF),ssRNA,1.4,1.7599740028381348,0.1756196916103363
68,10000077,40t,Vascular Endothelial Growth Factor (VEGF),ssRNA,20.0,1.9116477966308594,0.15163688361644745
69,10000075,44t,Vascular Endothelial Growth Factor (VEGF),ssRNA,0.48,2.071406841278076,0.1637445092201233
70,10000074,100t,Vascular Endothelial Growth Factor (VEGF),ssRNA,0.42,2.1223983764648438,0.22283785045146942
71,10000078,84t,Vascular Endothelial Growth Factor (VEGF),ssRNA,1.8,2.2015223503112793,0.20082950592041016
72,10000153,30-38[27],"Thrombin, Human",ssDNA,42.0,2.2745721340179443,0.061264634132385254
73,10000076,12t,Vascular Endothelial Growth Factor (VEGF),ssRNA,1.1,2.4636096954345703,0.1916447877883911
